Actual,Predicted
110.0,220.9959
110.0,49.281845
120.0,-1.173292
110.0,40.75417
50.0,43.985798
1139.9856929495108,188.91446
50.0,41.792477
110.0,130.68108
130.0,122.82119
90.0,74.961464
60.0,125.042854
80.0,88.376076
40.0,48.477936
90.0,176.53624
30.0,52.873722
50.0,69.89779
80.0,30.745667
60.0,53.82749
20.0,117.24949
430.0,125.56942
60.0,46.984127
310.0,205.77461
50.0,7.282147
40.0,39.368492
50.0,78.67649
40.0,33.359318
70.0,53.493877
50.0,54.694935
60.0,24.600777
60.0,102.242516
60.0,32.891205
60.0,189.37315
70.0,135.74654
80.0,61.98488
70.0,57.86819
90.0,45.327507
60.0,59.74962
60.0,-11.5932255
60.0,105.983604
60.0,94.19619
40.0,22.089657
100.0,122.20974
40.0,69.10163
230.0,215.52817
50.0,40.631065
80.0,119.36964
30.0,58.13414
60.0,108.937584
60.0,102.641594
60.0,-40.200924
50.0,40.03322
30.0,62.975872
80.0,12.360311
40.0,29.64565
50.0,34.104324
110.0,138.8795
50.0,53.898777
40.0,7.163264
110.0,75.74134
40.0,49.08319
40.0,85.00874
40.0,85.393196
60.0,55.207092
60.0,67.38141
50.0,88.401146
550.0,238.0188
50.0,125.955635
50.0,32.739662
50.0,100.24238
60.0,56.295845
70.0,66.32849
50.0,117.85994
90.0,82.20098
60.0,32.045345
60.0,-85.22123
80.0,179.00299
90.0,73.09528
60.0,-1.2203885
40.0,185.91689
90.0,111.2625
70.0,116.00381
160.0,101.26463
80.0,34.71803
40.0,73.474785
50.0,13.782739
50.0,54.467377
510.0,152.30786
20.0,20.23907
140.0,370.3689
40.0,-35.59486
40.0,33.153915
200.0,260.344
70.0,171.61974
50.0,51.335632
50.0,15.957963
-944.5664110012308,33.560402
60.0,36.585274
250.0,181.53511
100.0,51.69227
60.0,43.5829
60.0,51.650864
70.0,25.997108
310.0,347.36707
60.0,44.91152
60.0,167.77678
60.0,97.584335
50.0,36.165344
30.0,64.372215
60.0,26.632034
40.0,89.3391
60.0,54.630173
80.0,126.290825
70.0,112.24349
50.0,87.49057
60.0,-58.857697
60.0,46.591415
360.0,187.05688
100.0,149.96878
60.0,5.5828133
320.0,236.29814
100.0,211.32576
120.0,86.23749
60.0,74.7115
50.0,67.978806
60.0,197.79887
80.0,117.58589
100.0,97.25411
1139.9856929495108,76.32205
50.0,100.98048
50.0,71.76535
50.0,25.224886
60.0,39.569824
50.0,67.84354
90.0,44.380272
200.0,128.40009
60.0,96.42812
60.0,26.123816
50.0,66.381996
280.0,220.68588
60.0,39.390415
90.0,69.76472
380.0,164.87854
50.0,27.706419
60.0,138.75275
50.0,47.905018
90.0,128.0783
160.0,246.82344
60.0,50.933586
40.0,52.320602
80.0,96.840706
60.0,105.93887
40.0,59.94184
110.0,150.81403
40.0,181.57333
60.0,42.80676
40.0,44.67535
60.0,135.49263
90.0,117.88606
70.0,78.8904
50.0,37.50402
80.0,179.40997
260.0,106.62861
60.0,-10.476675
150.0,132.9922
50.0,155.545
130.0,61.459194
80.0,152.27806
100.0,81.042946
50.0,67.330185
50.0,25.60705
50.0,66.91729
60.0,42.84129
-130.0,170.6326
60.0,-0.105512984
60.0,5.8642716
60.0,72.8733
470.0,271.09103
520.0,57.785175
50.0,33.217533
60.0,-1.7375082
30.0,121.43274
30.0,79.1146
170.0,131.2745
60.0,-13.906368
70.0,121.89554
60.0,167.35187
50.0,50.162563
60.0,76.97503
1139.9856929495108,88.53378
60.0,82.01598
50.0,21.81173
60.0,87.15373
60.0,96.21037
140.0,201.58565
90.0,248.40712
190.0,22.624773
110.0,95.13767
50.0,92.83248
60.0,460.47696
40.0,70.197464
40.0,16.576159
1139.9856929495108,50.85345
40.0,62.41042
60.0,90.06572
40.0,43.96166
80.0,387.24637
60.0,91.1472
40.0,126.92344
110.0,72.8542
340.0,155.58034
50.0,86.525475
350.0,62.33087
60.0,265.81445
270.0,189.17209
70.0,367.54037
80.0,77.45712
80.0,26.641094
90.0,273.36258
110.0,94.332504
40.0,93.79888
60.0,149.2094
60.0,29.21722
50.0,224.45786
40.0,77.72852
80.0,51.84937
50.0,110.35339
60.0,80.2054
30.0,46.34566
100.0,402.47543
50.0,214.06686
60.0,66.637985
60.0,63.22451
80.0,125.07813
60.0,77.96279
40.0,-53.14975
40.0,32.71615
60.0,58.578094
50.0,120.99706
50.0,80.01107
40.0,58.232864
50.0,156.5866
50.0,58.924103
50.0,-44.382347
40.0,88.68497
1139.9856929495108,199.36798
100.0,148.7081
60.0,118.23451
80.0,45.990036
70.0,112.995056
60.0,-6.797461
50.0,63.46187
110.0,41.927933
90.0,84.53964
60.0,74.85617
-944.5664110012308,20.755129
60.0,71.36295
50.0,63.661175
60.0,69.814415
30.0,499.71802
70.0,210.01826
50.0,71.74274
260.0,146.6802
40.0,153.28493
80.0,229.6063
520.0,205.20937
40.0,29.065674
30.0,23.85285
60.0,69.475006
40.0,59.728535
40.0,70.40011
50.0,80.223976
40.0,79.96608
40.0,15.545114
50.0,76.96301
40.0,99.92254
80.0,121.75469
60.0,210.7255
60.0,69.44332
30.0,35.43263
60.0,46.08675
-130.0,91.78055
50.0,48.407574
80.0,176.81674
40.0,24.213133
90.0,175.08093
60.0,329.67606
50.0,65.99873
100.0,111.0595
30.0,82.962715
160.0,127.58417
50.0,25.540634
150.0,39.10368
50.0,56.68105
60.0,82.165085
90.0,-70.949974
50.0,51.582954
60.0,99.72877
50.0,51.38273
-944.5664110012308,25.922968
110.0,52.481728
40.0,124.74045
40.0,-11.181099
30.0,106.05637
60.0,78.24025
60.0,120.82991
50.0,51.852283
50.0,77.23512
50.0,85.117744
70.0,68.95052
50.0,25.631756
60.0,66.66472
60.0,154.18993
60.0,173.15903
120.0,-14.804164
50.0,70.723236
50.0,-15.317275
50.0,189.84128
30.0,-28.400335
100.0,191.94435
50.0,32.476753
20.0,27.140314
50.0,53.02144
50.0,-194.99947
60.0,15.884315
90.0,239.46756
140.0,102.83313
260.0,224.81184
60.0,65.00383
100.0,140.31691
90.0,119.64546
80.0,97.36582
50.0,81.70107
50.0,184.84846
40.0,28.795557
60.0,65.6358
50.0,109.07398
60.0,90.10316
40.0,49.27606
1139.9856929495108,113.46239
250.0,167.98735
70.0,-72.32068
60.0,-63.642204
50.0,40.65714
130.0,168.66563
40.0,71.76946
100.0,115.06291
60.0,62.931503
140.0,208.17772
50.0,65.268394
40.0,32.18879
60.0,46.640038
180.0,144.37482
50.0,47.425655
50.0,20.699398
40.0,39.091103
-250.0,420.64526
50.0,77.20237
50.0,141.08266
170.0,125.556175
60.0,20.519617
290.0,288.718
60.0,30.557043
340.0,49.043198
50.0,107.298004
80.0,40.44584
390.0,166.81372
40.0,58.69542
430.0,152.14421
90.0,92.586105
90.0,111.93695
110.0,-122.04689
30.0,45.31831
60.0,43.867157
60.0,69.317314
160.0,92.34969
50.0,24.035439
610.0,353.87778
50.0,42.91234
60.0,41.434963
40.0,-106.480995
50.0,125.62801
110.0,124.60469
1139.9856929495108,119.40092
90.0,237.83934
560.0,374.46173
40.0,84.990364
60.0,55.547104
60.0,90.1313
40.0,38.68046
100.0,118.87082
60.0,123.428795
80.0,223.79861
70.0,203.62067
40.0,-3.5365515
250.0,159.56247
20.0,161.66795
60.0,-383.08017
70.0,129.09024
60.0,140.53937
40.0,134.80753
50.0,149.8337
50.0,114.65538
370.0,89.86112
70.0,50.189323
50.0,41.884598
130.0,151.13574
-944.5664110012308,79.03166
260.0,-26.701536
120.0,213.01242
120.0,104.25375
50.0,85.2373
60.0,90.94962
60.0,223.55139
160.0,149.85231
240.0,92.45458
60.0,28.238419
70.0,74.79784
90.0,99.77568
50.0,58.344337
70.0,112.37585
60.0,82.535805
-944.5664110012308,182.542
-60.0,52.898724
110.0,120.215744
50.0,65.40112
100.0,84.31883
120.0,135.50789
40.0,89.59306
30.0,166.85313
60.0,116.5689
50.0,44.034885
60.0,64.611824
130.0,1.413778
-60.0,100.0517
140.0,309.79523
170.0,99.05454
60.0,18.865786
210.0,157.15868
70.0,-53.880222
120.0,179.64668
70.0,158.27339
40.0,41.501396
30.0,121.552025
60.0,54.896965
50.0,84.67853
80.0,98.87026
350.0,255.55252
40.0,61.725937
90.0,69.2169
60.0,64.08371
510.0,16.145292
80.0,80.023026
50.0,58.165333
110.0,133.83691
90.0,121.685684
230.0,307.18127
50.0,82.54093
110.0,153.47003
40.0,76.96303
30.0,146.41563
140.0,190.38689
-70.0,51.479942
190.0,119.89901
50.0,61.107513
20.0,54.420185
-50.0,144.77943
80.0,93.20575
50.0,105.16805
70.0,91.04539
50.0,119.05566
90.0,52.18858
60.0,70.17993
80.0,61.939423
40.0,80.880486
20.0,-70.68717
460.0,204.43968
50.0,19.456512
60.0,78.63848
50.0,64.46243
60.0,45.92579
90.0,329.0166
120.0,69.12059
50.0,79.91026
490.0,222.79065
120.0,106.701485
40.0,53.504852
420.0,46.53474
110.0,140.98026
40.0,62.735645
50.0,44.877937
50.0,98.883255
60.0,108.88074
50.0,22.210806
230.0,117.046486
90.0,125.68616
60.0,55.940224
70.0,121.00457
140.0,86.04426
40.0,110.029495
120.0,120.52218
120.0,145.73451
30.0,110.70436
110.0,61.853806
90.0,89.75231
110.0,171.4735
50.0,47.623367
220.0,90.186844
80.0,15.884725
40.0,83.906395
490.0,192.64995
50.0,66.64361
60.0,-62.991287
20.0,49.22321
50.0,40.38037
50.0,73.230896
70.0,170.96559
40.0,-160.46204
50.0,52.012283
50.0,82.07718
230.0,125.292595
110.0,162.70738
90.0,116.15423
30.0,31.059713
40.0,-75.881546
50.0,41.611534
50.0,86.22157
40.0,65.76039
60.0,162.39809
40.0,66.089226
20.0,67.14986
50.0,44.0659
60.0,52.01266
50.0,54.43298
60.0,57.074005
40.0,-102.42415
90.0,132.6699
50.0,55.658974
50.0,79.864876
230.0,149.8396
40.0,100.56506
40.0,115.15903
60.0,-82.274765
40.0,84.71689
110.0,34.716454
70.0,47.85491
170.0,139.22725
50.0,50.951164
30.0,31.640491
60.0,68.47426
60.0,-47.79664
50.0,73.67231
50.0,87.64396
50.0,164.44023
290.0,190.55145
80.0,255.46764
-40.0,70.735466
60.0,113.816734
40.0,169.85057
60.0,73.48866
690.0,198.84776
110.0,150.80432
30.0,106.77787
120.0,73.96212
60.0,267.0397
90.0,86.54217
60.0,2.1885655
100.0,237.33488
110.0,-4.8624086
100.0,150.33426
50.0,34.707
50.0,45.73587
40.0,75.556946
100.0,274.06683
60.0,63.002575
50.0,90.21698
160.0,110.244225
50.0,39.837704
80.0,109.02524
80.0,98.40885
120.0,83.887115
40.0,65.8139
120.0,89.587166
60.0,208.51736
50.0,82.242424
50.0,196.03967
60.0,44.153503
40.0,24.749546
200.0,215.37535
40.0,90.32965
140.0,205.85318
80.0,179.84727
90.0,30.897848
80.0,114.97641
70.0,109.95631
50.0,40.03794
40.0,39.249546
50.0,454.96414
100.0,164.31784
50.0,12.366118
50.0,291.1488
50.0,262.86972
40.0,58.2106
40.0,49.599903
40.0,41.570915
60.0,-6.8307447
160.0,133.64983
60.0,26.788095
60.0,148.6521
70.0,219.38268
80.0,30.06162
70.0,181.51024
60.0,20.098574
130.0,120.60448
-944.5664110012308,185.71614
120.0,122.130005
50.0,39.90567
40.0,6.1061854
60.0,38.690033
70.0,32.433258
90.0,159.93372
60.0,157.09366
140.0,32.73637
40.0,87.15566
110.0,133.96896
80.0,210.25961
50.0,120.05931
60.0,63.78305
60.0,40.60381
50.0,58.254253
80.0,89.90372
80.0,200.9025
270.0,118.12141
50.0,66.08097
50.0,33.379
50.0,35.295544
50.0,130.22366
80.0,103.04942
50.0,-129.15692
60.0,62.616028
40.0,3.0468202
40.0,27.161974
80.0,70.15067
50.0,21.406408
290.0,2.6960592
50.0,76.56277
80.0,111.50945
50.0,16.933489
80.0,181.36584
80.0,84.43903
80.0,108.52857
60.0,54.176704
130.0,183.59264
60.0,617.91455
710.0,180.39133
50.0,40.01119
60.0,89.18483
80.0,157.4497
80.0,88.52985
50.0,44.462376
60.0,135.9774
60.0,223.83914
70.0,69.641785
120.0,263.44806
140.0,187.02724
130.0,134.77156
40.0,59.804848
40.0,-87.823
60.0,-63.08053
40.0,53.540016
50.0,92.61393
260.0,146.45891
280.0,47.51784
60.0,218.90459
50.0,68.32497
180.0,118.560104
290.0,324.28616
70.0,73.407
60.0,28.646442
40.0,28.095205
60.0,119.81252
50.0,65.75344
60.0,45.717976
60.0,0.43545404
60.0,45.134335
50.0,81.94909
230.0,200.21968
60.0,48.34015
30.0,29.420027
60.0,51.46849
50.0,95.38238
90.0,32.69711
60.0,54.80771
70.0,45.11638
50.0,-24.31036
50.0,62.198406
290.0,253.21861
-944.5664110012308,56.149773
750.0,163.26236
80.0,81.44051
50.0,185.56262
80.0,86.315254
20.0,52.32203
70.0,129.9196
50.0,173.11656
390.0,87.058975
50.0,57.9653
40.0,37.05305
700.0,141.48216
60.0,103.94731
40.0,-1.7837163
50.0,39.242508
50.0,53.83249
20.0,68.010864
110.0,-30.598011
110.0,116.48002
50.0,79.16702
30.0,79.509476
60.0,33.972527
80.0,151.25679
310.0,149.40422
-944.5664110012308,160.94312
50.0,111.54236
280.0,171.87381
20.0,7.593307
50.0,30.209925
50.0,44.299538
50.0,51.23034
70.0,96.61142
-70.0,110.33728
60.0,39.2966
350.0,236.03064
70.0,65.1333
100.0,78.831955
50.0,24.089636
60.0,63.937134
160.0,126.7745
60.0,194.39055
40.0,167.92886
70.0,-47.79473
50.0,32.47701
50.0,61.323395
860.0,112.40797
40.0,46.384865
60.0,239.11497
60.0,337.3014
50.0,48.66482
90.0,89.67671
80.0,112.95708
30.0,96.45828
110.0,118.57326
110.0,156.81107
110.0,112.5075
50.0,91.60471
100.0,542.69824
60.0,53.503044
60.0,29.634941
130.0,168.30643
90.0,114.64331
-944.5664110012308,116.803085
40.0,31.488073
50.0,86.8247
60.0,139.22826
60.0,85.93225
20.0,197.3736
70.0,139.14362
60.0,67.22534
60.0,69.750496
100.0,121.48219
80.0,50.743446
120.0,136.75438
100.0,104.36734
70.0,67.27719
50.0,84.39544
50.0,69.52942
50.0,50.22982
50.0,-8.888588
360.0,324.58044
60.0,36.244736
50.0,71.03222
50.0,45.28418
490.0,141.192
220.0,56.914886
130.0,148.15567
40.0,295.87408
50.0,34.931835
60.0,128.03291
40.0,-71.214226
220.0,106.2971
60.0,40.004852
30.0,51.26198
80.0,106.56248
370.0,102.813065
70.0,263.99323
100.0,89.671814
110.0,105.657
630.0,262.1593
100.0,189.71898
70.0,66.67267
430.0,274.8291
50.0,287.0385
70.0,118.157234
40.0,-6.4328547
230.0,269.54904
100.0,74.11371
1139.9856929495108,77.811295
60.0,65.7776
180.0,146.57227
510.0,205.33537
20.0,8.038292
70.0,79.908394
40.0,1.1354051
280.0,160.42422
90.0,78.44178
40.0,94.091095
1139.9856929495108,-51.76522
240.0,260.9226
80.0,211.86871
80.0,76.9467
40.0,102.92419
30.0,81.8516
50.0,88.06971
60.0,38.950996
50.0,162.04341
80.0,97.740364
430.0,112.10029
50.0,61.71864
90.0,93.35642
120.0,177.9002
60.0,76.79768
90.0,99.50877
100.0,89.74845
130.0,96.35253
1139.9856929495108,104.39469
40.0,131.06067
1139.9856929495108,-114.81118
40.0,84.59249
50.0,65.6534
60.0,246.06042
50.0,101.67572
70.0,115.50408
60.0,63.466354
40.0,-21.275614
100.0,93.96265
50.0,39.679665
40.0,59.75036
60.0,126.702545
60.0,43.824696
310.0,195.31868
40.0,92.99289
60.0,58.27765
60.0,71.50442
110.0,196.76848
-100.0,134.64433
60.0,34.71229
30.0,84.69798
100.0,241.19339
40.0,59.13256
70.0,122.80934
250.0,58.616936
30.0,20.82576
100.0,41.18327
60.0,0.05216199
40.0,134.90166
20.0,41.510612
60.0,185.84045
100.0,77.80916
50.0,71.86949
60.0,55.49659
280.0,250.19516
130.0,118.96706
70.0,73.0944
80.0,105.666046
50.0,58.848213
40.0,83.27942
60.0,78.21823
50.0,-18.136667
60.0,84.4583
70.0,27.416306
50.0,31.833946
70.0,59.58766
50.0,57.140854
50.0,77.87822
50.0,88.774765
60.0,65.38943
60.0,66.646324
70.0,87.436485
60.0,91.00572
90.0,412.1072
100.0,130.68913
50.0,31.861313
160.0,142.70613
60.0,141.31319
50.0,191.36983
110.0,233.49246
40.0,-138.90501
50.0,6.809138
50.0,91.03118
60.0,63.39576
60.0,37.00538
60.0,138.86931
150.0,88.023834
60.0,94.14298
120.0,160.6329
60.0,83.08854
30.0,7.854949
40.0,345.98718
50.0,38.702248
120.0,174.169
60.0,95.28468
50.0,25.34696
50.0,58.159325
200.0,293.37988
90.0,74.366295
120.0,139.61679
40.0,26.5553
60.0,31.960316
140.0,148.77155
60.0,30.42845
40.0,-0.22109115
110.0,-8.506495
50.0,79.73678
90.0,124.39502
100.0,94.557495
100.0,193.88214
40.0,111.27047
50.0,21.307455
40.0,60.302834
50.0,67.84839
30.0,40.718025
50.0,73.4689
50.0,135.47525
60.0,63.824608
60.0,211.09444
530.0,179.20276
50.0,19.53263
250.0,236.08217
70.0,126.50834
50.0,58.391594
60.0,36.38091
50.0,35.312424
50.0,62.149532
70.0,-12.476245
50.0,-52.200188
60.0,151.5496
40.0,61.703323
70.0,95.09001
40.0,142.40088
40.0,-85.69746
50.0,75.59694
80.0,37.127518
80.0,92.52017
50.0,45.40675
130.0,247.98634
100.0,76.56524
20.0,111.269424
60.0,71.912834
1139.9856929495108,794.3338
90.0,-109.5868
140.0,117.85112
50.0,22.368721
40.0,31.144855
60.0,43.9272
80.0,103.564415
80.0,66.586655
170.0,245.93303
80.0,143.44237
110.0,58.996243
50.0,28.29723
50.0,90.97931
60.0,117.73572
90.0,120.77979
50.0,111.80637
60.0,89.72938
40.0,72.33479
20.0,117.5383
20.0,180.43896
50.0,48.875076
40.0,120.84581
60.0,135.5709
40.0,44.74753
50.0,71.55414
60.0,89.24489
60.0,-5.7737665
80.0,105.36329
80.0,30.36978
80.0,158.02975
50.0,165.51865
70.0,111.90114
60.0,136.82988
60.0,36.80361
70.0,112.16514
310.0,83.51384
60.0,104.909454
90.0,96.52212
60.0,60.905903
70.0,80.591866
70.0,31.093689
60.0,9.303976
80.0,31.309998
50.0,1.3763424
30.0,-1.5298318
50.0,90.7472
40.0,167.20517
40.0,43.408527
80.0,262.4721
210.0,274.83603
40.0,20.119564
80.0,95.26534
50.0,50.69713
60.0,157.54848
60.0,117.09834
60.0,56.108974
60.0,91.85324
360.0,185.29407
80.0,-170.68289
120.0,188.17294
100.0,72.56282
50.0,114.07127
50.0,53.669495
210.0,106.80097
90.0,39.494675
70.0,73.097786
30.0,44.974194
280.0,285.14755
20.0,50.5607
50.0,36.369267
60.0,117.3246
30.0,81.21179
70.0,27.515244
110.0,105.78065
60.0,79.6534
60.0,86.4626
50.0,53.184006
40.0,73.21833
50.0,16.703592
70.0,95.97903
360.0,378.56342
70.0,150.96475
70.0,232.21228
70.0,87.8356
80.0,71.99056
120.0,333.81802
80.0,125.43957
840.0,190.39555
70.0,66.67982
50.0,42.22579
70.0,57.308556
60.0,244.87006
90.0,154.27051
220.0,218.69218
50.0,80.687874
120.0,138.24936
90.0,122.86913
50.0,2.3290799
60.0,27.501259
60.0,34.84745
60.0,42.104313
110.0,76.311874
50.0,63.412437
50.0,65.60588
70.0,82.21628
40.0,84.301094
70.0,122.3133
110.0,102.12484
40.0,-65.74408
350.0,143.37161
90.0,123.19759
50.0,78.97232
60.0,134.34094
40.0,131.53682
250.0,118.595856
500.0,109.695526
50.0,124.448204
60.0,49.136463
60.0,38.783436
70.0,25.802498
70.0,28.668829
50.0,122.978806
80.0,168.45944
50.0,92.927
40.0,47.268673
300.0,170.4293
30.0,61.394962
70.0,55.412354
50.0,9.83199
120.0,133.78188
60.0,88.4798
60.0,83.57088
130.0,123.9291
70.0,37.717346
340.0,165.40167
100.0,99.58093
60.0,58.640675
20.0,52.472305
60.0,-231.2424
50.0,70.152336
90.0,199.37509
110.0,98.84182
-944.5664110012308,83.578545
60.0,236.32094
60.0,97.12991
40.0,36.000275
200.0,134.34601
60.0,103.2407
50.0,66.01492
50.0,-139.68648
90.0,118.23978
180.0,165.34032
40.0,25.035583
50.0,130.13008
50.0,-19.256493
40.0,19.466862
120.0,158.99355
120.0,128.56082
40.0,11.77248
110.0,195.26045
130.0,117.46182
70.0,64.31824
100.0,87.754425
30.0,107.03283
70.0,136.28189
40.0,24.40443
180.0,84.32414
270.0,294.48584
90.0,136.10565
470.0,465.99597
60.0,68.12491
40.0,39.442055
80.0,30.431574
170.0,-16.788647
40.0,7.4893837
260.0,202.10406
50.0,-20.460762
50.0,47.95122
60.0,24.511198
30.0,68.079895
60.0,87.81866
110.0,82.642914
50.0,27.84737
80.0,-13.462474
90.0,193.98262
50.0,7.530603
50.0,-98.323975
50.0,-100.00571
50.0,105.56076
-270.0,271.55667
60.0,113.005615
110.0,205.72147
120.0,242.42944
100.0,82.13668
60.0,41.72882
60.0,49.021927
60.0,105.62705
50.0,64.51493
80.0,104.008446
180.0,283.8993
140.0,156.96033
60.0,95.547935
50.0,72.30096
40.0,62.158043
90.0,149.3587
50.0,47.135803
60.0,108.52316
60.0,132.20381
30.0,59.697594
40.0,121.74315
280.0,286.9508
70.0,66.91436
40.0,-31.722958
90.0,115.585396
250.0,422.95905
50.0,66.71742
60.0,223.03554
110.0,319.46893
60.0,175.05086
50.0,79.170166
140.0,113.53193
240.0,146.52328
30.0,80.9619
60.0,18.282242
50.0,127.62043
80.0,30.030676
70.0,89.8994
50.0,83.1103
60.0,102.88122
60.0,119.96403
50.0,75.27197
40.0,19.623274
70.0,76.399414
40.0,68.009224
50.0,101.85573
40.0,159.13261
30.0,109.349945
60.0,61.237583
70.0,71.703835
100.0,-36.818275
50.0,-49.30003
50.0,73.5411
60.0,161.73648
60.0,108.78374
30.0,51.80574
20.0,53.81291
60.0,51.75874
120.0,169.3526
60.0,136.86594
60.0,74.65898
100.0,210.73003
30.0,95.55008
90.0,102.21841
50.0,87.67546
1139.9856929495108,117.895996
50.0,129.5573
60.0,141.9424
40.0,87.54983
370.0,127.096214
40.0,61.172493
40.0,75.332504
290.0,295.35632
80.0,120.24574
60.0,224.07999
60.0,124.827255
90.0,66.400314
510.0,326.29706
50.0,52.179825
30.0,61.424328
50.0,59.76325
30.0,126.34623
110.0,176.34479
90.0,86.20353
70.0,-248.4343
60.0,316.90665
130.0,201.1947
80.0,98.11403
1139.9856929495108,26.870955
60.0,119.43958
40.0,60.39187
-50.0,44.57726
20.0,90.012146
110.0,72.42919
70.0,113.23248
60.0,52.63597
230.0,136.26852
100.0,121.94784
60.0,205.28882
50.0,81.35458
40.0,31.441898
60.0,-62.21503
60.0,93.017265
180.0,-102.44207
50.0,-162.56772
60.0,144.084
210.0,154.69635
60.0,21.613485
50.0,61.34109
60.0,61.79505
50.0,67.18846
40.0,50.973534
160.0,-151.30481
100.0,210.77362
130.0,229.82625
60.0,188.16978
290.0,228.62842
50.0,104.67594
410.0,270.30643
50.0,82.19786
100.0,138.61305
40.0,173.93396
90.0,273.5937
90.0,145.15398
40.0,49.190987
40.0,-29.990562
80.0,155.32156
80.0,99.146835
130.0,116.9971
50.0,44.27943
60.0,47.133934
320.0,323.41577
50.0,188.37187
50.0,105.68709
50.0,63.158955
40.0,117.48633
60.0,147.19202
60.0,60.748386
50.0,46.786682
70.0,139.89093
50.0,107.09863
30.0,-15.377401
70.0,86.08355
80.0,139.76031
50.0,186.17152
60.0,-0.26953626
80.0,-32.042015
110.0,30.913025
60.0,55.31019
-944.5664110012308,294.56216
70.0,101.95425
90.0,30.76611
110.0,12.429342
410.0,455.0263
50.0,181.26828
60.0,-179.69841
480.0,272.21082
90.0,49.6325
70.0,53.697174
50.0,75.314606
100.0,236.66664
20.0,62.433334
40.0,168.7216
70.0,121.4654
100.0,168.92842
100.0,175.56271
50.0,79.6257
50.0,41.07419
70.0,85.77635
400.0,139.2651
30.0,33.740086
60.0,125.94494
60.0,80.53418
50.0,137.78845
60.0,69.2128
50.0,70.15311
450.0,69.63324
50.0,31.292545
50.0,112.89481
110.0,79.93251
120.0,189.76596
90.0,196.85162
90.0,56.47136
50.0,70.82436
60.0,83.627754
410.0,-114.17251
40.0,14.538277
130.0,202.53688
60.0,140.2041
60.0,68.59839
120.0,368.64456
180.0,284.72632
90.0,-78.47984
70.0,222.81834
60.0,120.00181
110.0,122.178375
70.0,103.98982
60.0,41.535908
80.0,56.729702
90.0,188.36942
50.0,68.18269
50.0,76.45968
50.0,39.090378
50.0,59.20766
50.0,93.531944
50.0,21.106415
40.0,74.448074
120.0,-159.97934
320.0,265.80884
50.0,68.186455
80.0,-92.362366
50.0,6.2781706
40.0,59.564304
50.0,-112.13511
80.0,73.222694
40.0,48.406116
60.0,48.140507
240.0,304.88754
60.0,150.09164
100.0,334.1811
60.0,52.978584
50.0,43.626213
50.0,166.17847
20.0,100.98646
100.0,75.86057
100.0,108.3138
60.0,104.15426
50.0,56.81852
70.0,63.726112
50.0,149.59299
610.0,208.71092
50.0,-9.340647
50.0,44.18948
30.0,65.1878
50.0,128.81221
50.0,2.8925748
60.0,153.24864
80.0,85.45164
70.0,127.36539
180.0,296.45453
140.0,109.11188
110.0,104.09036
450.0,165.58514
80.0,55.047832
60.0,172.31856
50.0,45.105404
120.0,62.341213
60.0,-39.10051
60.0,104.1543
60.0,78.43791
70.0,107.39973
60.0,86.6694
40.0,23.468456
70.0,83.906
330.0,197.22485
340.0,127.61217
50.0,52.531857
1070.0,483.43265
40.0,43.96957
360.0,237.82224
80.0,39.003395
60.0,10.142845
30.0,212.21753
60.0,98.025826
20.0,35.424656
110.0,282.5555
60.0,158.58624
40.0,80.33333
30.0,94.589645
40.0,79.8741
90.0,206.40086
60.0,56.943497
110.0,204.68456
50.0,74.60087
120.0,166.22198
110.0,178.25899
50.0,26.105406
80.0,60.48129
10.0,83.59527
10.0,160.70297
100.0,94.29959
90.0,82.77668
60.0,40.658077
60.0,86.17463
60.0,74.15873
40.0,61.538906
60.0,80.86922
50.0,21.066961
50.0,37.383102
40.0,47.415813
50.0,-4.9675536
90.0,215.15927
50.0,86.648476
60.0,201.3531
80.0,234.96902
60.0,51.98664
120.0,86.36525
-944.5664110012308,4.258418
50.0,31.121159
80.0,-204.21538
110.0,68.991714
50.0,105.35797
360.0,191.2774
90.0,176.85114
60.0,68.682846
230.0,148.03159
-944.5664110012308,323.18655
80.0,207.29182
50.0,70.04623
70.0,99.37705
40.0,432.10953
110.0,397.60608
240.0,172.0244
70.0,35.33443
60.0,36.634174
100.0,136.6863
50.0,36.41245
170.0,57.972084
60.0,78.29721
70.0,258.87054
100.0,100.76983
60.0,-93.046104
60.0,12.14204
-50.0,59.65982
60.0,31.44575
60.0,80.28834
50.0,49.688564
100.0,255.94554
90.0,336.34363
80.0,103.2806
70.0,126.02127
90.0,158.69409
50.0,103.83413
80.0,78.277565
20.0,70.97357
80.0,-38.2398
30.0,78.929016
60.0,-34.498592
350.0,126.46536
40.0,58.38015
30.0,45.61297
640.0,347.07233
280.0,216.75195
60.0,54.02098
40.0,91.19014
470.0,154.35742
80.0,192.19055
40.0,-31.311184
100.0,55.015785
20.0,179.59077
280.0,278.25616
80.0,147.8506
60.0,98.1636
60.0,55.684376
220.0,209.5183
40.0,143.34691
60.0,58.1174
60.0,11.087311
50.0,57.66412
100.0,145.55083
50.0,152.41801
50.0,83.51029
30.0,62.83062
80.0,68.87729
80.0,93.099846
80.0,88.77782
110.0,142.56456
50.0,47.994766
160.0,91.96974
40.0,109.58698
50.0,78.2438
100.0,132.59163
50.0,34.82739
90.0,85.43398
90.0,139.45995
70.0,179.59755
60.0,143.20683
40.0,57.94764
510.0,242.64592
60.0,56.368652
70.0,27.868107
80.0,77.53766
530.0,206.1798
120.0,239.52003
100.0,277.87094
50.0,-62.384377
110.0,114.605255
110.0,109.238594
60.0,59.448692
510.0,205.60011
60.0,134.62444
60.0,16.154232
80.0,56.496834
120.0,-8.988394
300.0,160.0352
40.0,26.85374
50.0,191.39989
100.0,153.51587
110.0,122.308235
280.0,206.13121
90.0,128.51636
70.0,57.57129
50.0,94.5641
50.0,41.069023
70.0,250.75322
70.0,-27.273905
40.0,67.634056
50.0,31.152357
40.0,77.0006
70.0,65.987976
50.0,133.13039
70.0,121.90948
60.0,127.96278
20.0,11.586018
20.0,74.15879
40.0,4.9665256
50.0,93.04723
50.0,212.46913
190.0,113.11062
40.0,93.84615
50.0,0.055953205
60.0,48.59679
50.0,89.910995
80.0,84.17394
50.0,40.030952
60.0,38.47335
60.0,102.16724
60.0,-145.17854
40.0,47.140446
60.0,274.58197
40.0,718.2566
110.0,105.05689
90.0,138.28192
440.0,132.45041
60.0,77.11121
1139.9856929495108,179.68758
110.0,93.76079
50.0,69.590706
70.0,43.56832
60.0,34.441776
60.0,82.80694
70.0,95.7166
50.0,45.916496
420.0,194.46555
60.0,52.172684
70.0,17.542477
70.0,13.701405
120.0,-35.52592
50.0,-204.4432
110.0,138.1742
70.0,145.9168
200.0,181.74109
40.0,76.47991
80.0,103.702156
50.0,45.897514
60.0,128.15663
60.0,116.79133
360.0,111.59663
60.0,38.556374
60.0,72.6972
30.0,76.973114
30.0,3.8366723
90.0,69.641685
60.0,38.058464
60.0,70.21132
1139.9856929495108,75.4896
60.0,128.03777
50.0,42.675148
110.0,79.182396
50.0,89.68221
50.0,-59.637882
-610.0,89.420815
280.0,173.96034
50.0,90.870094
60.0,168.16951
450.0,196.82407
180.0,69.31107
60.0,14.501906
700.0,175.21191
80.0,168.53226
50.0,49.898163
60.0,67.19521
60.0,87.49883
50.0,51.72782
50.0,34.39109
70.0,55.50621
60.0,119.4105
40.0,32.024654
60.0,44.069283
80.0,194.66797
280.0,185.6146
490.0,170.11848
150.0,228.00491
-130.0,20.603851
40.0,139.71939
80.0,116.68362
440.0,392.19443
60.0,73.07216
80.0,131.82913
70.0,56.378616
80.0,33.52583
60.0,45.643375
60.0,107.98291
100.0,116.74271
70.0,66.99057
70.0,61.474857
-944.5664110012308,49.636944
70.0,-51.58306
60.0,103.62961
50.0,96.9688
60.0,97.78715
40.0,54.685547
70.0,142.77263
30.0,51.761787
330.0,104.4866
70.0,102.068634
70.0,39.556896
40.0,21.10813
60.0,43.001785
60.0,24.907991
60.0,-1.3506391
1139.9856929495108,147.25175
60.0,242.73795
200.0,147.60118
60.0,82.195496
110.0,25.27536
20.0,47.950462
320.0,156.35587
70.0,54.923973
130.0,209.88052
1139.9856929495108,21.366247
30.0,-98.21569
80.0,128.08786
230.0,173.2945
60.0,34.939472
1139.9856929495108,64.96452
260.0,214.06833
80.0,50.602367
40.0,87.96364
60.0,67.83513
340.0,254.91614
40.0,14.078602
70.0,86.467285
90.0,85.102165
190.0,155.40355
350.0,202.84108
60.0,16.109608
120.0,117.10425
60.0,36.28498
60.0,50.287235
150.0,86.36572
120.0,85.41908
70.0,96.68504
60.0,50.012733
90.0,80.688896
100.0,215.5058
50.0,35.695477
110.0,109.99494
70.0,151.55714
80.0,236.11327
20.0,66.33811
70.0,83.93226
50.0,49.047157
60.0,83.93598
50.0,69.09263
70.0,109.586426
50.0,192.1357
70.0,164.16983
40.0,61.132145
240.0,186.88515
50.0,24.768322
120.0,294.89468
60.0,122.23036
60.0,77.745735
20.0,196.6188
60.0,46.548164
120.0,141.05316
80.0,72.780525
60.0,145.27257
40.0,46.288074
390.0,170.36961
60.0,314.76083
-50.0,82.85182
50.0,30.15846
50.0,61.834667
400.0,161.37888
70.0,106.42669
40.0,17.26303
110.0,61.143906
40.0,18.227964
220.0,349.48987
40.0,43.735107
50.0,45.871365
100.0,154.44426
50.0,64.86248
60.0,36.20406
40.0,594.3933
50.0,80.38027
120.0,109.32424
40.0,48.534218
110.0,129.88219
50.0,59.64234
60.0,49.025246
50.0,26.955158
50.0,44.183464
180.0,62.61188
240.0,195.00648
60.0,161.31747
60.0,47.285686
40.0,-10.274454
60.0,1.2063861
150.0,84.39218
40.0,46.88848
70.0,-4.2646446
40.0,32.6607
80.0,176.81674
60.0,-74.4897
280.0,192.3076
50.0,26.324833
50.0,3.909505
-944.5664110012308,293.01492
80.0,175.59541
60.0,116.045715
100.0,75.76267
100.0,170.12466
50.0,-5.7520013
50.0,40.09522
100.0,112.40274
50.0,-331.34042
40.0,57.045555
60.0,50.63207
60.0,46.331654
40.0,31.96581
60.0,42.746773
30.0,90.77668
60.0,82.9752
80.0,83.878075
1139.9856929495108,110.58525
60.0,46.458717
70.0,158.55948
50.0,97.44404
130.0,195.91739
30.0,20.065315
100.0,33.054153
70.0,102.35567
60.0,80.66239
50.0,48.387657
50.0,70.2111
50.0,43.278416
40.0,45.403484
50.0,34.81302
40.0,60.910458
80.0,146.60954
50.0,36.90171
100.0,146.48006
30.0,89.90012
50.0,344.15485
250.0,87.639915
60.0,43.816074
60.0,120.779816
40.0,40.350212
60.0,96.3369
60.0,49.56227
-50.0,46.589027
110.0,140.28745
50.0,54.651814
60.0,107.267494
70.0,52.63317
100.0,206.87975
160.0,102.22841
60.0,285.72824
60.0,84.64378
110.0,315.7939
50.0,55.84951
90.0,51.013054
40.0,24.56548
20.0,43.777775
50.0,29.864664
30.0,65.93391
40.0,63.660866
50.0,40.484634
60.0,-171.54405
20.0,237.16434
40.0,37.05156
110.0,156.88277
60.0,90.40399
40.0,13.251642
140.0,126.31466
40.0,59.4468
90.0,55.488476
70.0,66.04844
50.0,36.716915
60.0,141.07838
20.0,43.028267
140.0,156.74857
50.0,61.046913
50.0,60.897217
80.0,52.385197
20.0,15.784916
90.0,210.22357
440.0,115.17024
50.0,31.094093
1139.9856929495108,41.161076
60.0,117.01451
50.0,81.37364
70.0,107.58619
60.0,45.906574
60.0,40.006508
50.0,42.946613
50.0,60.345406
40.0,59.412975
60.0,28.74318
40.0,60.117397
50.0,-14.66035
60.0,48.189274
120.0,203.24358
40.0,43.86259
90.0,61.21957
40.0,2.2642026
70.0,67.002785
40.0,52.34668
60.0,61.25128
60.0,1.4424239
90.0,129.55681
80.0,86.89564
50.0,60.72866
100.0,190.46356
70.0,28.483706
60.0,-12.701824
50.0,71.41046
70.0,91.24171
70.0,161.92651
40.0,24.49634
100.0,393.72076
40.0,122.46171
80.0,-126.58582
80.0,410.35574
80.0,30.02878
110.0,56.352673
260.0,128.17787
70.0,112.57523
60.0,68.4572
120.0,75.54871
90.0,-81.79187
100.0,114.47944
50.0,65.413086
100.0,99.083534
90.0,209.24242
60.0,183.07132
150.0,149.29057
60.0,60.444153
80.0,133.85358
40.0,45.12815
60.0,114.70277
470.0,291.15726
100.0,120.24289
60.0,109.695625
40.0,31.75677
510.0,265.79056
50.0,-103.31728
120.0,133.56122
40.0,32.8589
50.0,42.550613
740.0,347.19366
40.0,120.453354
440.0,169.14299
30.0,-108.328026
50.0,118.0277
20.0,51.515907
50.0,67.54326
30.0,8.787866
80.0,90.67634
230.0,50.14539
40.0,-43.875023
40.0,91.382034
90.0,82.67811
30.0,43.776333
40.0,63.561413
50.0,22.685356
60.0,35.206047
60.0,98.12133
50.0,30.619493
40.0,126.15727
50.0,-134.10443
50.0,84.32286
1139.9856929495108,61.352783
60.0,28.362467
50.0,63.895096
60.0,105.34523
40.0,26.497007
640.0,447.5726
30.0,55.484657
80.0,64.25227
60.0,-36.266426
110.0,125.02285
20.0,-98.75714
60.0,77.76945
50.0,17.25191
40.0,46.351753
100.0,126.389786
60.0,-64.88327
50.0,114.143524
90.0,149.85342
120.0,143.45546
60.0,69.3178
60.0,69.0228
60.0,116.26845
60.0,199.60289
50.0,113.96467
-944.5664110012308,63.661777
60.0,31.126383
50.0,48.52269
70.0,39.63061
50.0,40.429646
30.0,64.38029
50.0,71.211876
60.0,14.226922
50.0,-66.95806
70.0,119.88821
70.0,57.0122
30.0,72.56231
70.0,170.20543
30.0,44.117043
40.0,37.09234
80.0,83.5128
50.0,74.49825
40.0,-103.85502
60.0,109.015236
80.0,79.36748
50.0,28.080149
60.0,68.016975
-20.0,-7.5034146
50.0,82.436844
20.0,13.242095
50.0,67.81376
60.0,33.450996
40.0,123.54242
40.0,16.853212
50.0,94.59656
90.0,68.62307
50.0,83.00853
370.0,273.6973
1139.9856929495108,71.96034
140.0,243.77776
370.0,213.09694
50.0,42.622253
50.0,66.89281
50.0,30.726435
60.0,73.284164
50.0,4.8910003
30.0,93.787796
60.0,50.140163
60.0,127.316605
100.0,103.905556
200.0,86.76636
40.0,56.443813
50.0,56.66617
110.0,94.505356
60.0,51.867233
50.0,-3.473087
80.0,67.55005
330.0,141.72745
40.0,36.445393
50.0,42.31909
170.0,178.6268
50.0,49.485218
260.0,170.53357
1139.9856929495108,-241.82367
60.0,182.15544
-944.5664110012308,33.076763
50.0,7.639062
50.0,126.26926
40.0,-38.671535
50.0,49.764038
120.0,-68.95933
50.0,99.34588
50.0,-65.400116
100.0,130.32404
60.0,93.75915
60.0,73.769806
80.0,92.46214
50.0,43.287083
30.0,235.44545
90.0,84.802055
40.0,37.906803
230.0,145.11554
100.0,103.5663
80.0,50.104
40.0,116.87234
60.0,89.60171
60.0,72.72609
40.0,15.408637
40.0,89.56444
30.0,74.25637
30.0,74.086685
50.0,103.573044
70.0,74.00572
1139.9856929495108,121.65884
60.0,38.424435
60.0,40.41719
100.0,15.692145
60.0,53.235577
50.0,68.35154
80.0,79.77119
50.0,86.94518
60.0,284.899
40.0,63.677547
430.0,168.8383
50.0,82.23656
50.0,55.112843
70.0,202.2922
80.0,168.83504
60.0,10.254553
50.0,13.446907
30.0,-7.112624
50.0,2.8231099
280.0,238.24785
80.0,60.7524
100.0,224.14024
60.0,149.22691
80.0,171.75679
50.0,25.524076
130.0,170.71416
140.0,206.68652
50.0,57.673454
60.0,61.69618
90.0,92.223816
60.0,90.12605
80.0,230.37144
40.0,39.97396
80.0,99.50209
120.0,85.23905
60.0,89.3985
50.0,120.80185
20.0,40.07657
60.0,127.67777
120.0,16.954634
50.0,40.964245
90.0,114.7512
50.0,77.47793
60.0,-397.7872
60.0,37.38085
60.0,56.342964
70.0,396.9049
60.0,33.767776
70.0,47.552383
150.0,116.84277
60.0,72.61701
390.0,197.67882
40.0,5.044721
20.0,48.952297
40.0,73.32318
120.0,80.62674
90.0,81.97277
100.0,84.620346
60.0,37.304825
350.0,179.98264
60.0,78.99221
50.0,86.66612
60.0,15.045998
700.0,151.4919
60.0,89.68877
-40.0,47.886707
60.0,80.75401
50.0,-76.41665
50.0,51.43274
50.0,81.983444
190.0,127.93695
50.0,56.134666
410.0,294.52155
60.0,-0.048164107
60.0,117.27609
60.0,237.53157
50.0,78.494736
50.0,133.5582
40.0,27.661001
60.0,185.94226
210.0,162.019
220.0,195.82687
1139.9856929495108,21.970911
50.0,95.87524
40.0,173.94485
90.0,62.44898
50.0,103.318634
320.0,200.95673
100.0,107.65105
40.0,7.6889815
440.0,134.51378
1139.9856929495108,70.864235
120.0,336.79034
50.0,103.40171
50.0,46.757717
60.0,28.458101
60.0,35.026257
20.0,49.303688
50.0,97.39782
40.0,-39.70767
110.0,119.128235
30.0,35.60675
480.0,124.46916
50.0,-122.3752
60.0,177.08194
70.0,122.41348
100.0,101.596016
-944.5664110012308,16.916357
310.0,185.06229
20.0,12.196824
290.0,110.603325
120.0,79.462265
50.0,129.48708
60.0,49.35717
60.0,104.49206
40.0,33.43876
60.0,55.906727
60.0,74.71757
50.0,61.337757
30.0,26.723156
160.0,110.292404
60.0,59.782448
80.0,127.552345
50.0,154.38861
60.0,-70.29244
660.0,201.86269
50.0,70.041565
50.0,122.84607
90.0,87.523506
100.0,82.17081
60.0,67.46311
30.0,-15.02652
100.0,132.36955
250.0,353.9573
220.0,23.500875
60.0,120.479004
50.0,71.45632
490.0,163.11942
40.0,52.03111
190.0,4.679958
130.0,89.91707
590.0,189.7532
300.0,336.12823
50.0,11.7149
110.0,80.09239
60.0,48.223408
420.0,89.8807
100.0,-44.356987
120.0,78.476555
380.0,103.19875
40.0,165.00427
90.0,118.55792
120.0,151.5014
60.0,154.68756
110.0,85.91751
50.0,111.40523
50.0,54.912785
40.0,31.820658
60.0,154.06358
110.0,142.82983
640.0,189.69997
80.0,169.26318
60.0,44.323242
70.0,81.90518
440.0,254.30675
30.0,72.52612
50.0,34.14138
30.0,82.43231
150.0,90.61193
50.0,225.93683
50.0,505.0795
90.0,44.614014
50.0,107.8028
80.0,130.75528
50.0,124.89732
50.0,102.29001
-70.0,53.312305
50.0,164.33118
60.0,-108.68023
30.0,146.69724
80.0,86.08737
50.0,160.27747
80.0,43.32982
90.0,147.21506
30.0,49.995224
100.0,334.6056
360.0,154.5922
-944.5664110012308,104.29695
60.0,46.228004
70.0,369.89706
40.0,40.473763
30.0,63.68773
40.0,96.04488
50.0,58.54858
80.0,119.745995
20.0,40.96221
70.0,72.81669
50.0,40.241825
60.0,17.711744
90.0,52.345764
90.0,81.94171
300.0,18.00353
80.0,123.49972
40.0,44.456585
20.0,36.66891
390.0,271.40256
40.0,39.548054
100.0,192.59743
60.0,259.42355
60.0,55.79602
60.0,160.13228
50.0,89.32855
60.0,21.704025
50.0,89.12109
130.0,137.7782
30.0,87.12635
180.0,404.9152
60.0,69.83228
210.0,147.52187
90.0,120.31915
-944.5664110012308,279.35815
40.0,-8.073631
80.0,81.57493
60.0,45.67384
100.0,-36.12019
50.0,96.86322
40.0,85.32997
20.0,36.73384
60.0,46.0703
100.0,163.26706
60.0,51.96009
60.0,118.12908
50.0,65.09454
440.0,275.4007
40.0,59.494965
50.0,57.9653
110.0,56.300674
40.0,-0.3520851
60.0,38.72152
40.0,73.39787
270.0,268.01462
60.0,39.624573
110.0,103.35374
50.0,40.620552
100.0,183.24384
90.0,84.04586
60.0,33.175766
40.0,83.81185
60.0,121.96752
70.0,51.799625
70.0,110.9167
30.0,62.99985
90.0,85.24035
50.0,113.38325
60.0,153.97406
50.0,91.59625
40.0,105.686264
40.0,-2.181796
210.0,74.422806
100.0,82.52405
50.0,84.74335
50.0,111.52133
100.0,77.43334
70.0,76.85511
90.0,240.27661
100.0,65.55306
50.0,44.409225
60.0,14.104614
-944.5664110012308,172.56181
50.0,78.21913
60.0,-90.536285
40.0,124.132324
50.0,154.63463
100.0,129.2935
50.0,9.57906
140.0,137.80206
50.0,55.02712
40.0,112.308136
90.0,-62.935734
50.0,163.59868
60.0,80.4694
160.0,177.60617
230.0,138.11287
80.0,159.49704
40.0,39.672707
40.0,87.78295
50.0,52.069946
60.0,55.288002
400.0,140.18428
60.0,27.49562
140.0,50.15139
70.0,58.271896
60.0,226.51483
90.0,48.576538
50.0,-19.092875
80.0,223.19917
90.0,94.69031
40.0,33.60353
60.0,29.600908
1139.9856929495108,191.59795
70.0,66.353294
20.0,13.537255
60.0,-13.095173
120.0,93.80155
-944.5664110012308,21.791721
40.0,34.01811
60.0,52.997246
50.0,45.01765
60.0,39.155273
50.0,54.70346
250.0,236.42177
50.0,193.22241
80.0,72.367714
40.0,-58.569183
70.0,404.26416
100.0,97.388214
60.0,151.70375
110.0,142.00774
40.0,89.12884
50.0,74.18847
90.0,189.4331
120.0,170.98456
50.0,48.26592
60.0,81.41835
60.0,164.54974
70.0,52.319138
50.0,72.50358
70.0,113.993866
50.0,105.03471
40.0,86.94985
130.0,110.38761
50.0,40.80724
30.0,55.06337
60.0,68.43448
30.0,200.25398
50.0,211.19084
40.0,127.33284
120.0,330.14984
110.0,234.85754
50.0,54.083366
40.0,236.05325
40.0,108.80467
50.0,70.156555
40.0,32.387505
40.0,-5.2254524
30.0,35.400177
350.0,224.52014
90.0,163.69551
50.0,95.0409
60.0,75.383606
60.0,76.05621
60.0,-10.723499
50.0,49.932777
50.0,39.940636
40.0,25.397877
50.0,37.39673
60.0,-12.991188
60.0,53.74919
60.0,41.858185
730.0,220.57158
90.0,105.66168
40.0,90.3899
60.0,94.81827
60.0,50.13857
80.0,135.30777
50.0,165.27534
90.0,135.17293
40.0,44.053215
30.0,120.72563
50.0,73.41161
60.0,71.912834
60.0,53.484447
1139.9856929495108,124.96085
40.0,53.268238
90.0,185.80893
40.0,0.020443082
200.0,95.5727
90.0,73.77978
240.0,35.610413
60.0,19.75749
60.0,38.470127
1139.9856929495108,28.830318
50.0,79.23248
50.0,54.66312
60.0,112.81681
110.0,258.20895
90.0,121.89702
140.0,179.61674
50.0,-89.49821
170.0,105.85104
40.0,72.162704
70.0,133.93738
60.0,69.366974
50.0,-14.729906
70.0,289.60855
460.0,233.18762
60.0,98.22811
60.0,58.31223
1139.9856929495108,131.90968
50.0,35.449028
90.0,100.01247
40.0,68.91473
60.0,269.31143
60.0,21.54603
40.0,-8.230436
90.0,51.34742
50.0,92.500885
50.0,32.353313
40.0,35.64758
50.0,60.88062
110.0,142.64433
30.0,62.514328
40.0,53.553448
130.0,165.32806
90.0,64.453964
110.0,143.07556
40.0,50.84519
40.0,-97.510826
60.0,81.23836
50.0,23.2024
60.0,32.0747
100.0,162.70863
60.0,19.833183
60.0,130.51987
120.0,138.30809
50.0,-84.42025
40.0,30.222252
60.0,93.15057
90.0,80.35552
60.0,-138.35007
440.0,172.22757
50.0,35.601177
40.0,139.03159
40.0,56.80705
40.0,72.37189
90.0,85.14179
60.0,172.32437
120.0,172.81876
110.0,13.976629
40.0,152.20877
50.0,41.60837
60.0,40.644524
100.0,128.62561
270.0,174.49661
50.0,41.948204
100.0,211.68468
110.0,122.687294
-944.5664110012308,92.601974
20.0,44.752922
110.0,203.11673
100.0,79.68021
60.0,69.33303
140.0,156.09814
60.0,-73.29561
290.0,259.02612
100.0,137.67227
70.0,85.37643
80.0,204.46718
140.0,93.242676
130.0,177.71368
110.0,91.39154
120.0,179.7793
60.0,22.350208
40.0,63.38212
60.0,83.35269
60.0,61.51058
90.0,105.478195
110.0,104.11165
80.0,81.00512
30.0,40.073322
90.0,16.307213
60.0,44.836323
50.0,214.30031
50.0,50.491013
70.0,-224.2855
50.0,53.78963
60.0,55.53005
30.0,29.830431
20.0,95.89564
80.0,11.602995
50.0,68.483864
120.0,121.70996
40.0,53.5565
50.0,12.886672
40.0,-38.825897
110.0,124.54493
40.0,78.26151
50.0,-83.38655
90.0,87.64708
60.0,5.2137737
50.0,121.02361
40.0,36.025513
100.0,34.94157
20.0,82.627754
80.0,103.1559
70.0,122.73412
60.0,76.82087
1139.9856929495108,123.91531
70.0,68.930214
230.0,160.02649
60.0,36.428295
60.0,188.63179
40.0,60.69674
40.0,47.980797
40.0,45.66407
60.0,32.462482
200.0,102.94623
180.0,170.46233
60.0,184.69424
30.0,93.32313
80.0,42.745792
60.0,59.765213
40.0,58.272118
110.0,118.928894
260.0,257.28842
170.0,106.72171
70.0,215.27797
90.0,-18.490322
40.0,44.18516
40.0,173.08847
110.0,173.1654
290.0,142.09854
30.0,112.14526
80.0,94.95479
50.0,89.84101
340.0,151.7976
50.0,64.454956
70.0,119.55045
120.0,127.350525
100.0,143.40265
20.0,43.41069
60.0,52.2949
90.0,546.80365
50.0,22.676012
40.0,239.49962
50.0,31.46675
70.0,-8.093195
50.0,70.10078
60.0,17.352575
60.0,52.678978
60.0,65.22074
30.0,103.32839
70.0,109.04843
30.0,55.162247
50.0,47.60578
20.0,71.413826
300.0,70.65767
120.0,131.34924
1139.9856929495108,84.23367
90.0,69.31235
80.0,117.22729
110.0,71.19747
60.0,128.82224
100.0,150.57068
60.0,237.7556
40.0,19.229492
50.0,12.861204
60.0,60.092903
40.0,37.589935
60.0,37.494846
420.0,130.02176
110.0,27.32727
50.0,131.33243
130.0,167.55548
50.0,54.854897
60.0,15.813404
40.0,42.766727
50.0,31.576033
110.0,83.29166
50.0,37.318542
60.0,105.23686
60.0,21.91939
50.0,19.363264
400.0,114.26371
90.0,80.00171
290.0,162.9982
110.0,23.917885
50.0,-102.99092
60.0,173.42232
50.0,80.2108
60.0,15.161038
50.0,70.109924
50.0,65.28274
60.0,100.76026
50.0,34.05639
300.0,207.35092
270.0,304.87167
40.0,61.034943
30.0,36.32778
70.0,43.399582
90.0,82.03979
80.0,64.779106
50.0,157.01825
40.0,15.489696
50.0,114.043945
10.0,69.14832
70.0,245.21976
260.0,263.3447
70.0,115.75022
60.0,48.396553
50.0,71.39398
40.0,5.5343614
50.0,93.25228
50.0,75.25584
80.0,139.35721
70.0,69.74711
40.0,20.6625
40.0,16.307816
100.0,164.54512
60.0,98.10578
60.0,117.518234
50.0,48.648678
50.0,48.11863
70.0,142.31995
80.0,177.28929
80.0,235.58356
100.0,148.06564
50.0,20.885715
130.0,124.5485
90.0,407.01245
50.0,65.72613
90.0,19.455706
30.0,-17.149595
440.0,125.14897
60.0,138.84543
110.0,40.651268
40.0,115.82655
60.0,213.7985
50.0,70.017395
40.0,154.27544
-60.0,82.029755
270.0,184.31277
90.0,60.021557
230.0,168.76437
750.0,165.1277
50.0,30.502295
40.0,28.761272
60.0,-2.913194
30.0,5.6359067
70.0,101.70287
40.0,6.4213953
40.0,8.13858
40.0,56.437088
110.0,164.06189
110.0,145.21129
50.0,93.02232
60.0,31.06647
90.0,-10.401618
30.0,26.431837
50.0,63.280487
60.0,41.223183
80.0,46.1969
50.0,77.57645
120.0,287.08136
100.0,169.89647
70.0,82.514
100.0,103.626755
60.0,24.351133
70.0,84.55233
100.0,96.928474
60.0,-15.724961
90.0,250.21474
60.0,52.7221
120.0,-17.784634
50.0,54.362755
50.0,612.3368
750.0,145.9146
30.0,32.320477
30.0,69.91048
70.0,120.64277
220.0,157.67479
90.0,-14.829665
440.0,108.10287
100.0,166.36238
320.0,-511.80133
50.0,20.709768
80.0,149.32388
190.0,184.81325
80.0,80.0225
40.0,52.123146
90.0,7.222155
60.0,45.045788
720.0,243.3653
230.0,48.783432
60.0,30.50563
60.0,0.7071899
100.0,191.46169
300.0,99.888985
50.0,228.53433
90.0,100.69265
60.0,105.2285
210.0,209.55936
50.0,12.890891
160.0,95.97525
60.0,-189.91547
50.0,-3.0862103
100.0,155.24863
50.0,81.03809
40.0,53.892464
30.0,40.352905
30.0,17.71632
60.0,61.5913
110.0,201.89696
90.0,230.50099
70.0,146.49802
140.0,111.57439
-90.0,145.57965
60.0,147.26779
50.0,39.233418
30.0,-234.20605
40.0,113.90229
60.0,149.65349
250.0,223.81743
20.0,61.79443
520.0,162.96051
80.0,61.90778
90.0,245.91853
40.0,85.935486
120.0,95.51628
60.0,6.746752
60.0,148.7275
110.0,76.02602
40.0,186.27663
60.0,80.868965
20.0,6.6596274
80.0,130.5855
40.0,61.23233
50.0,68.538315
60.0,68.36478
50.0,37.03937
40.0,-196.05185
90.0,230.85976
60.0,11.228791
60.0,41.122208
210.0,46.356438
40.0,105.96954
50.0,-116.66306
80.0,54.21506
50.0,16.21991
240.0,188.91592
100.0,-3.3379831
430.0,166.7341
60.0,47.68149
180.0,99.862595
80.0,134.91098
50.0,61.072884
80.0,60.38941
50.0,46.249424
60.0,36.76703
50.0,97.295555
100.0,208.93962
20.0,-35.482227
60.0,98.8244
330.0,153.77936
50.0,53.193398
50.0,54.952606
50.0,32.928307
90.0,215.18346
50.0,108.42779
380.0,93.3823
130.0,47.302578
60.0,70.874405
50.0,21.228073
370.0,177.09831
30.0,-14.521202
50.0,-59.197987
60.0,41.905262
50.0,53.881924
90.0,223.1816
50.0,80.619225
100.0,55.897873
30.0,79.93744
40.0,-49.8637
50.0,18.180702
100.0,148.9386
50.0,102.04943
50.0,62.11449
30.0,73.378365
60.0,48.59959
50.0,92.20412
60.0,-327.1255
110.0,108.53887
50.0,139.66946
40.0,41.370148
60.0,20.592958
80.0,183.86285
160.0,-59.616768
40.0,87.39989
90.0,77.46861
80.0,67.56516
-944.5664110012308,122.74829
50.0,-13.581159
350.0,214.11002
700.0,14.237747
50.0,22.469425
80.0,126.48161
40.0,75.86821
60.0,255.92705
50.0,78.87965
70.0,64.34204
40.0,-48.551228
50.0,71.91
40.0,78.9963
650.0,198.60365
100.0,185.00537
50.0,16.394278
20.0,-82.61174
30.0,48.16514
40.0,28.620642
30.0,39.264725
40.0,84.25338
50.0,86.51329
80.0,81.71345
110.0,186.23283
90.0,56.436142
60.0,214.23544
50.0,64.92094
70.0,4.7870083
80.0,124.87281
60.0,15.612789
50.0,19.652557
110.0,-85.61779
50.0,76.42612
310.0,183.90915
70.0,104.10856
50.0,443.18698
50.0,77.76537
620.0,228.03705
50.0,46.71622
60.0,124.65717
40.0,80.28557
60.0,77.021904
90.0,99.427605
50.0,122.47899
80.0,24.10014
610.0,77.39117
30.0,29.271173
50.0,55.74272
80.0,47.258266
50.0,56.460945
60.0,61.995586
70.0,49.951714
40.0,43.588024
230.0,100.118065
110.0,98.322975
50.0,-16.069036
290.0,137.1689
70.0,98.8671
60.0,178.90643
30.0,-31.112375
60.0,77.166145
60.0,-40.66033
60.0,42.340363
50.0,74.71813
100.0,141.24365
50.0,60.162746
70.0,56.582165
30.0,-131.64178
60.0,55.62866
50.0,31.972742
-50.0,47.72029
130.0,56.324554
50.0,115.51739
70.0,65.73554
50.0,23.909369
50.0,202.61336
80.0,81.99156
130.0,104.14099
70.0,60.963333
40.0,22.450445
50.0,-126.321625
1139.9856929495108,182.15053
120.0,149.81186
90.0,117.71175
40.0,103.808174
350.0,96.83233
60.0,115.39739
80.0,3.2934752
40.0,39.688824
90.0,164.171
60.0,196.21272
70.0,152.96658
1139.9856929495108,780.85455
110.0,26.413914
50.0,105.61168
70.0,111.801414
330.0,198.88086
80.0,55.64877
50.0,257.63785
60.0,80.40689
90.0,145.36093
290.0,135.1604
60.0,55.709038
1139.9856929495108,54.524788
20.0,41.30184
1139.9856929495108,98.322525
110.0,155.94579
50.0,80.740005
70.0,80.88907
30.0,33.61721
70.0,69.53428
70.0,71.49995
60.0,78.08242
260.0,150.52434
90.0,93.05971
70.0,73.43825
130.0,184.04019
200.0,147.84698
50.0,64.58354
90.0,87.32719
50.0,-15.708534
70.0,91.89702
70.0,79.07026
40.0,11.751379
100.0,101.92216
40.0,66.21929
520.0,131.06824
820.0,162.08081
50.0,31.56678
450.0,168.355
50.0,28.97959
250.0,245.60239
210.0,167.63318
330.0,283.2631
90.0,83.631294
1139.9856929495108,64.85461
70.0,147.16217
30.0,113.9358
130.0,120.07397
50.0,-44.6917
80.0,129.01665
20.0,97.78462
50.0,85.1915
40.0,48.057167
50.0,91.08919
210.0,119.5815
50.0,32.285625
60.0,33.87791
40.0,65.176796
20.0,37.826756
70.0,193.77055
40.0,683.6716
90.0,257.84326
50.0,68.20265
140.0,-535.05286
60.0,-0.2659502
50.0,47.539253
30.0,71.4515
700.0,125.40747
60.0,34.23196
40.0,115.19426
60.0,29.578098
80.0,169.14969
60.0,69.53036
70.0,150.73843
120.0,235.76883
60.0,109.22588
50.0,79.50213
340.0,154.25096
360.0,142.68175
50.0,63.404255
60.0,35.48816
20.0,47.83229
50.0,202.52682
200.0,496.17294
350.0,122.596054
240.0,122.071655
430.0,98.02218
20.0,49.00894
50.0,53.11966
50.0,52.385765
70.0,17.619265
50.0,46.992447
20.0,167.47694
50.0,91.87554
60.0,10.372415
100.0,16.28637
60.0,37.111244
60.0,20.447231
120.0,113.49231
70.0,87.525536
120.0,20.640293
70.0,137.6362
390.0,227.7053
100.0,156.90274
410.0,211.3672
40.0,75.666
110.0,126.707436
-944.5664110012308,144.75609
50.0,34.982418
40.0,10.8113785
60.0,32.01132
440.0,191.18913
90.0,226.40283
60.0,234.44348
40.0,77.394844
60.0,-111.3356
120.0,121.29902
50.0,73.957504
50.0,68.05463
170.0,77.15685
40.0,59.8096
50.0,196.94821
40.0,-9.155748
60.0,105.68392
60.0,46.465378
110.0,130.70032
40.0,73.42244
80.0,-23.783699
40.0,53.345657
60.0,159.40436
60.0,53.308853
90.0,147.84668
60.0,108.15834
210.0,-17.456665
80.0,99.10838
100.0,101.16688
110.0,92.22355
50.0,73.006
40.0,-8.513791
50.0,13.433121
120.0,119.648964
510.0,152.60976
30.0,35.271946
60.0,77.72927
90.0,144.33215
60.0,73.67546
30.0,42.788204
120.0,146.42833
110.0,97.08093
30.0,117.296844
400.0,114.26226
40.0,61.357372
50.0,-34.540436
60.0,44.352524
60.0,158.12059
100.0,129.07498
40.0,13.0412
50.0,42.75277
70.0,117.283875
260.0,139.11131
90.0,110.52287
50.0,98.74335
50.0,51.024353
140.0,113.17358
110.0,224.18594
30.0,70.82379
150.0,80.66857
110.0,162.86287
90.0,70.32994
30.0,335.06128
280.0,304.8433
370.0,276.15915
50.0,87.61205
60.0,100.71981
370.0,311.82944
520.0,160.81427
20.0,127.15656
60.0,92.9295
-944.5664110012308,29.237415
60.0,43.13736
100.0,470.7403
60.0,195.92789
210.0,297.06525
80.0,97.24796
40.0,47.892147
40.0,62.092472
50.0,80.80967
350.0,327.5608
-944.5664110012308,112.81962
60.0,64.63451
50.0,51.50253
440.0,446.81024
460.0,209.14772
120.0,60.394073
50.0,62.410774
250.0,162.9832
60.0,106.01053
140.0,83.09312
50.0,67.15879
30.0,99.320305
90.0,118.83005
60.0,98.08842
50.0,151.90598
120.0,48.417435
70.0,78.053734
80.0,101.93667
60.0,50.0146
480.0,179.58546
110.0,214.17226
50.0,24.893932
50.0,59.628098
1139.9856929495108,64.230255
50.0,-158.0474
70.0,83.55964
70.0,45.484707
50.0,-19.228146
70.0,23.955048
50.0,35.475212
440.0,147.77434
110.0,86.45522
60.0,136.9037
60.0,288.97275
50.0,82.32917
60.0,-23.347256
410.0,354.35757
40.0,53.29104
50.0,43.302036
60.0,248.08873
120.0,191.35954
60.0,223.39792
150.0,49.145554
70.0,80.76798
40.0,85.58985
70.0,65.7912
80.0,78.52549
30.0,-12.913521
60.0,14.741732
30.0,54.636105
90.0,52.36904
40.0,53.628845
50.0,38.63676
90.0,91.78974
80.0,8.038364
50.0,60.613747
100.0,90.5967
100.0,125.53681
50.0,228.52364
60.0,21.243038
80.0,83.71117
60.0,143.29926
320.0,166.98071
370.0,290.903
60.0,54.183086
60.0,92.13659
60.0,47.711624
60.0,49.67222
70.0,39.986946
50.0,-20.986753
60.0,76.85665
80.0,103.72938
50.0,51.819534
80.0,12.394982
60.0,94.170204
360.0,208.32811
70.0,51.11635
120.0,147.94215
70.0,119.2398
80.0,177.35953
50.0,49.98317
60.0,189.69055
1139.9856929495108,110.49818
60.0,171.0199
130.0,154.8197
120.0,166.51427
40.0,77.60269
60.0,47.754795
70.0,30.545706
-120.0,254.48836
50.0,34.52047
300.0,201.24539
90.0,52.762207
40.0,37.077667
120.0,91.91483
80.0,34.154655
180.0,112.644615
70.0,58.69325
50.0,104.587585
40.0,54.256042
60.0,7.5421276
70.0,87.38562
50.0,164.53561
110.0,108.70741
50.0,-35.966206
60.0,161.17169
250.0,235.98567
20.0,39.17869
40.0,69.48081
30.0,102.3942
100.0,79.09495
40.0,64.997
40.0,5.734124
60.0,64.207565
50.0,25.263546
90.0,59.486782
70.0,41.172234
50.0,29.463945
40.0,-3.232535
110.0,250.2563
80.0,124.05446
110.0,136.18748
90.0,95.53651
40.0,28.108582
50.0,53.077858
130.0,64.78814
120.0,100.335045
70.0,88.75994
60.0,33.347908
50.0,41.809723
90.0,148.93138
1139.9856929495108,125.02136
70.0,29.300358
40.0,33.113617
30.0,68.446625
70.0,182.77303
30.0,75.19903
50.0,63.231056
70.0,61.09281
110.0,246.4865
120.0,102.929375
30.0,120.69943
60.0,69.12868
50.0,25.885939
50.0,-18.970642
60.0,185.15733
40.0,24.13242
30.0,12.599446
40.0,47.796646
40.0,-2.8455632
40.0,70.265686
60.0,55.53987
160.0,80.476654
40.0,75.3839
60.0,27.666693
60.0,46.48642
70.0,96.6989
60.0,47.26161
40.0,65.4434
30.0,66.5554
50.0,13.312517
100.0,74.09555
90.0,59.096165
130.0,73.229866
90.0,60.420677
50.0,24.44743
100.0,105.827675
150.0,68.2562
120.0,94.21197
70.0,63.278713
90.0,101.65941
50.0,13.374294
70.0,141.88426
280.0,224.89787
30.0,2.0544705
50.0,160.82901
90.0,432.1394
80.0,46.003628
90.0,49.54403
120.0,-2.8506932
50.0,42.748688
40.0,49.238037
60.0,94.52787
470.0,177.798
110.0,80.349304
60.0,88.278595
100.0,-40.656082
170.0,240.46135
60.0,81.665276
80.0,131.28891
60.0,80.431274
30.0,74.57192
30.0,55.519016
110.0,177.96263
330.0,169.14
60.0,236.96562
110.0,142.51608
60.0,125.13287
90.0,87.85185
40.0,38.3286
50.0,276.13242
50.0,78.44139
80.0,131.0835
120.0,135.92566
100.0,84.90648
60.0,55.445908
130.0,139.84082
50.0,98.77596
50.0,48.48936
80.0,173.83417
120.0,-65.1436
50.0,46.143436
40.0,88.2516
50.0,48.69368
30.0,43.84405
90.0,166.89682
50.0,-66.40178
130.0,206.70673
40.0,-39.724728
30.0,50.49451
80.0,134.2108
80.0,122.32957
60.0,99.633385
370.0,73.82841
50.0,-34.387077
50.0,61.069027
20.0,46.4556
90.0,120.427505
60.0,64.55437
30.0,44.543434
90.0,75.85924
60.0,73.56596
70.0,218.06061
40.0,60.665733
40.0,63.206825
50.0,86.53311
380.0,139.3372
30.0,-169.28336
70.0,83.23521
50.0,62.647015
50.0,74.43312
80.0,113.555275
10.0,-19.644373
160.0,129.99286
220.0,104.603584
60.0,35.6205
80.0,-371.03098
40.0,1.2795603
50.0,115.903534
80.0,116.51012
70.0,155.65585
70.0,124.30813
60.0,83.51254
50.0,106.00484
50.0,65.371506
50.0,-83.88195
20.0,-5.119475
100.0,27.452667
70.0,49.11849
80.0,157.91478
40.0,41.744938
